artist_id,artist_name
1gcqHtDwFWb7gufypnuUhE,Rhauder
7oIMjQaQV5xdwPFxXfb8Jg,Darth Vegas
48X2VrWYIGBUHPzXVxU82X,Nova Fronteira
7MITor11wcrYJ7sOVxdeiU,iLa Mawana
3yy1vJR5K3iPMmJBB2OIkW,Dear Abbeys
1yfV8jgPmvbPzsokqTTAzL,Peach Stealing Monkeys
3CME5Ab1e9jd6I3abr26sN,Phil Campbell
3w794vmaccdVxhKSAXxegf,Half Polish
6KPdmtIl0LA5mRFSqseWhI,Trophy Eyes
1Xkl5tsnye9Ferq1iMMBbM,Adam Mormolstein
2tAOabOdb8uzkBH5Lu6Lxs,Luke Potter
3jKXF1HfybALB1UoJ3Pw78,Artist Page Redirect Cleanup 2023
1oojcp861zYKDzhR9bAp2K,Zwicker
3lO5RPMHrXaSQJoaLCFDb6,2008 South Africa
4wAVdoD4NpligQjLzawxNA,The Debs
0WlopWlVKJ0aM1X1aSbmAb,The Transients
2Ht9c2O0dbyljmYTrT3WM9,Lord Of Putrefaction
4ByxAkm826AGxsc3znQmUG,Bryan Clark
3a34v9rZzoFZ7K19NszX9F,Dave Okumu
4boCJTtk1s4K2E1YzAYM2s,Stephen Gordon
1f49rJ2SfLNABrjFZyBgFr,James Barry
7siGH3bPluVE07yR85W5cy,Truth
1r6tliAMEA2P22N8c9Vg9P,The Yolks
4XZ4XOW0MKU69ZoAUOzcYp,George Dfouni
3hZo7SfcYItKjxGQaUl7te,Patrick Andrey
3DgeyEBVHE80KCl1fxm1Ep,Heirsound
0A1fXDw6kferKgLY4UMxNi,Miguel Araújo
17XxXwybl92OGYZFig2ozQ,Rota
4Oj3M6yChNMnrXHAa5uWxa,Sennen
5vqdrmK3GzCdbWueLlK9ge,15th century
5ohxmJ6nh8Dx2WFzudufCl,Robert Guillaume
6i8bknUYTNJyH9SPPQKR7E,As We Walk
3bfxTiSqL8CAn1AdxwoIF8,Jessika Quynn
7yumaphAszzEYDoVUEGjdS,Severo
6Lqd9RWgcFlpCbEZe7m9gL,T.K. Da True King
56Wi8Bnwvaq60blqodzx6T,Irene & Her Latin Jazz Band
4nxrQlnMiNk54NSyTJuDdv,RSR Boyz
6dXsR7VDJvXnF1LTZlwULx,Casanova
4l9T234xOkJbu35jJ3b0Dr,Chris Meid
3MAMMH4Ks5DFbkheoA1qUk,Haley Love
1TiGxAkU8w0xBCVFOP6Ttl,Duo Dinamico
3VG2cAYtAXbIqoXg7uVLhe,The Silent League
1v6lpebmr6c5e27waTagqs,Sanz/Segovia
5Fh1HFFky8sqTeHj1M7F0t,LiL TExAS x REWROTE
0TWqgnLHJBQQ4mP9jD8XhH,HABU
2n6bj2aGzskwo3IATxSEQo,Alphastates
2SLzuMJK6b2PhVjMlUiDEW,Gaijin Games
3ToT3zypjrMRl63Md492TZ,"Sarah Vaughan, Teddy Wilson Octet"
4zG8rBneMjXa6RadES2rUF,HaDorbanim
5N0zNZei4yrRkWTOEALNd4,Acupuncture Music Master
1FB2KXUR5fVBtysfeJN1BK,Jad Wio
4j89fq1EZyEfMXByvBbmmX,OutFit Studios
7wO57U3bkEOvp5ei1EM42q,Joseph
02GllU0R2JPVQ6XcSayCmN,Astuni
1sp4sSPpXG79yS7R1i1Zj3,Ballycastle Players
1UuxFhSdzDAcPmm9J0z6Y7,Border Sound
7KgeLhBfC2dZg4vNIgfBVP,Etnon
0to10kb9vqS1OsO2c1QVdg,Tramline
1Ez5eTETx9fY3mL46QU9gW,Lil Malik
2XSaBoykurbHLXS5WwDewv,Jamilah Barry
4nruKN8TNt1nQI46bRluXV,Big Shizz
5AYkvr6cXZ3jqthh9mKqZU,Mr Manyao
03VfdeLg04zHr8nmQ2rQ57,Thelma and the Sleaze
7d6km61WXQKtkl0RGSDZ2l,Mike Weibe
1YCFvBoIeRSc0HMU7fhUZA,Disco Inferno
226jrsA555BFtGpZOYYcb9,Earth Wind & Fire Experience
3ZKPYdZ0afQIbzoAcM48Fm,Northern Lights
4vaxnQfHkXK3LPyrxoARgq,R&M
5vsD16H3ixdOB9bBOrk4Lr,The Instructor
4Rt3XCeWR79noyp18k7NKL,Delta Star
0cReNwToFEi1RO5AdAaQTV,Dowster
64ovxBmjJ9ZDqkzEXVWpVc,Shyne
6YDBl9KnW1z7tD5wqX4Mtf,Carolin No
7aUSp5cOZlwEtd5zPC795k,Haywyre
5QkiNMLddfjnhRmx6mrtI8,Roach Gigz
5ayjZ0yRl1iv9k35uOF8q6,The Malpractice
5OXEiglFyJIKYy5cBAIcMf,The John Scofield Band
14xDnik9GIQwU5yZLNp9j0,Gunns
69L1dSd8TzElYlV3Js86mw,Svenson
55GdLLQ3B6iGTIXv5Aq48k,Tango Project
7ot6aWctGX7E4oaBK84RnJ,Boleros
5mGSAs67JYGMNu1R5eB0oo,Southsiders
7KpNT4Gwg0hjdGL4kr9K3d,Absentee
6Lvcloy0rCuEXk1Tl9QzcN,Relaxation Airport Ambient
1AQfzDTdLkVZS5fAau0o3j,Ballroom Orchestra
4escWMhduz0NKoUFHMDd3d,Хор Центрального дома детей железнодорожников
6wRhh29ZNdh6Aq8nKd4aDr,Pole Folder
2jTReqlg8DnjfZtCq3RzgV,moonweather
4XmHQjo7qEWR3LXAuuJ85g,La Souris Déglinguée
3SfZo7bwSPHciiiXoNbJHP,Dre Rich Kidd
4dQFDkI9o5JTKiNRihpDNf,Henry VIII
0AEi1DK5ehyvkZzOUlqEVz,Tiger & Woods
32edDDDzQdHnDtXnMyuIi3,The Hairy Aureolas
2RQN5dFKtdR5cXWsZtSldV,Marielle Kraft
2jo30v0gfv84HRyL0A9WDW,Burden of the Sky
0KeZp0dxtheef6E9lgw0nT,Varal Roots
1utzdrVBK5ORu6qJ2LZzlI,Thomas Siffling Trio
2oyEt5TS8bXWTSaVetzCY1,Red Bathing Suit
2WZ2nk164irEOVWFSA2FOb,Amplified
0LDjOi1eUR8QLeXFNlW5y2,Los Pregoneros Del Puerto
0k2IsDiQORO7PjJT4szlCF,Andy Lock
